Date,Close,High,Low,Open,Volume
2022-01-03,178.10362243652344,178.9549602981537,173.89592271961695,174.0133424530975,104487900
2022-01-04,175.84324645996094,179.01371442958575,175.27569272230144,178.71037008888723,99310400
2022-01-05,171.1658172607422,176.3031403228598,170.8918278919333,175.75516158524204,94537600
2022-01-06,168.30853271484375,171.5377110380755,167.9562584444675,168.993506315213,96904000
2022-01-07,168.47486877441406,170.40258963561612,167.35933616352636,169.1794172582698,86709100
2022-01-10,168.49441528320312,168.79775959259328,164.5606894006289,165.45116232460057,106765600
2022-01-11,171.32240295410156,171.4202477771128,167.15383722500894,168.62164395189677,76138300
2022-01-12,171.76271057128906,173.37729170304524,171.0679572091586,172.34004419476074,74805200
2022-01-13,168.49441528320312,172.82933029006384,168.10299122971512,172.0073621746904,84505800
2022-01-14,169.35556030273438,170.05031384521072,167.41804452412237,167.66267899736397,80440800
2022-01-18,166.1557159423828,168.83689986985863,165.77408681023036,167.82900716362772,90956700
2022-01-19,162.6623077392578,167.40822126644343,162.37853839338976,166.35139882333922,94815000
2022-01-20,160.97926330566406,166.0383024176851,160.65634400941124,163.39625309442948,91420500
2022-01-21,158.92434692382812,162.76021377251277,158.81670715554318,160.89120276470334,122848900
2022-01-24,158.15127563476562,158.81668910799385,151.37979580013618,156.58562410189697,162294600
2022-01-25,156.35076904296875,159.26680751652682,153.65001008067688,155.56793581393717,115798400
2022-01-26,156.2626953125,160.86181974023197,154.43283450239605,159.99092174206848,108275300
2022-01-27,155.8027801513672,160.3236197319786,154.88295228679408,158.9634528706825,121954600
2022-01-28,166.6743621826172,166.6939371213685,159.3059729952558,162.15352186578443,179935700
2022-01-31,171.02882385253906,171.2441033483954,165.87192581665457,166.5079843021577,115541600
2022-02-01,170.8624725341797,171.0875320298687,168.61183278338754,170.27534392743365,86213900
2022-02-02,172.06607055664062,172.10522042730014,169.60994623393472,170.99946801633135,84914300
2022-02-03,169.1891632080078,172.45749049022623,168.42590499267487,170.7352545735362,89418100
2022-02-04,168.905029296875,170.58046717103358,167.22959142271642,168.20937580635172,82465400
2022-02-07,168.1898193359375,170.43351937589156,167.49416572772904,169.36555780513737,77251200
2022-02-08,171.29571533203125,171.80520742660315,167.96443926792173,168.25837758980256,74829200
2022-02-09,172.7164306640625,173.07894618735656,171.36432311182244,172.49108438879807,71285000
2022-02-10,168.64051818847656,171.93259499604034,168.08204874852603,170.61968723864308,90865900
2022-02-11,165.23085021972656,169.58109560057568,164.64297356543503,168.84625725787345,98670700
2022-02-14,165.4659881591797,166.15183422384362,163.19288125878157,163.98650420148718,86185500
2022-02-15,169.29696655273438,169.45373566949445,166.80832036305304,167.5137664381475,62527400
2022-02-16,169.0618133544922,169.83583650795123,166.612352178537,168.37596721528965,61177400
2022-02-17,165.4659881591797,168.43473358576446,165.06427298190405,167.57251856143097,69589300
2022-02-18,163.91793823242188,167.0924302194162,162.83037691642315,166.38699918366942,82772700
2022-02-22,160.99819946289062,163.32028399061443,158.87205389872815,161.64484588368407,91162800
2022-02-23,156.83412170410156,162.7911986729469,156.52058346872764,162.19352949330056,90009200
2022-02-24,159.4501190185547,159.55789590082478,148.92722915533128,149.49550590272597,141147500
2022-02-25,161.51747131347656,161.78200234869726,157.61791846840168,160.5278794584224,91974200
2022-02-28,161.7820281982422,162.07596656799925,159.1464052349538,159.76367431641097,95056600
2022-03-01,159.9008331298828,163.23210951924372,158.69570233786408,161.37050993245586,83474400
2022-03-02,163.1929168701172,163.97674752234462,159.65589394659725,161.06678613054137,79724800
2022-03-03,162.86959838867188,165.4954290281514,162.20335200198932,165.06432138955572,76678400
2022-03-04,159.87144470214844,162.20333673673338,158.82308299816066,161.16476749621853,83737200
2022-03-07,156.07969665527344,161.68406601052743,155.8249430798264,160.05761991470098,96418800
2022-03-08,154.25726318359375,159.58729287941838,152.65041731502816,155.60937048225745,131148300
2022-03-09,159.65591430664062,160.10662184800367,156.18748303740642,158.2156295977199,91454900
2022-03-10,155.31549072265625,157.14768351502929,152.8268289578217,156.96152201092795,105342000
2022-03-11,151.60205078125,156.06007322521145,151.37670453340775,155.71714267170483,96970100
2022-03-14,147.5751495361328,151.00439558659642,147.06567231572745,148.38837253642478,108732100
2022-03-15,151.95477294921875,152.42508026860065,147.33999637401098,147.84947354452075,92964300
2022-03-16,156.36383056640625,156.7655458657659,151.33754541830783,153.8751841039313,102300200
2022-03-17,157.37301635742188,157.74533933374323,154.44346962371964,155.40365445965918,75615400
2022-03-18,160.6650848388672,161.15497717032517,156.53039236533564,157.2652308625226,123511700
2022-03-21,162.0367889404297,162.98718123956166,159.71468917177347,160.20458149296203,95811400
2022-03-22,165.40724182128906,165.99510360566663,161.57628048257416,162.1641422669517,81532000
2022-03-23,166.7691192626953,169.14998832074127,164.26085849061369,164.59399656875675,98062700
2022-03-24,170.55108642578125,170.61966356312797,166.76911784992285,167.60192566241446,90131400
2022-03-25,171.18795776367188,171.73663471959298,169.25778100424003,170.36494232979024,80546200
2022-03-28,172.0501708984375,172.1775327221898,168.52294058057433,168.6895021580393,90371900
2022-03-29,175.34225463867188,175.39123190730578,172.77520887835874,173.11813946075333,100589400
2022-03-30,174.17628479003906,175.97908457885987,173.12790825883917,174.9405154603071,92633200
2022-03-31,171.08018493652344,174.43104638306448,170.87442359799343,174.2448849220912,103049300
2022-04-01,170.78622436523438,171.34470867552832,168.46414001265768,170.51188591642045,78751300
2022-04-04,174.83274841308594,174.8817406281064,170.9136104166494,171.0409871856376,76468400
2022-04-05,171.5210723876953,174.6955795536943,170.8940109049415,173.9117489626708,73401800
2022-04-06,168.35635375976562,170.1199686542609,166.69072328453476,168.87563829115544,89058800
2022-04-07,168.6601104736328,169.85544881098227,166.41641045043957,167.69992580849703,77594700
2022-04-08,166.65155029296875,168.30738857225097,165.77954264267717,168.30738857225097,76575500
2022-04-11,162.39927673339844,165.612968615415,162.1543306146452,165.29944535757966,72246700
2022-04-12,164.27069091796875,166.43600652884118,163.2713064320056,164.62341397476007,79265200
2022-04-13,166.95526123046875,167.5823226689275,163.39865390857594,164.00611547230426,70618900
2022-04-14,161.94857788085938,167.80770011623432,161.70363174912274,167.17083120352376,75329400
2022-04-18,161.7330322265625,163.23210129361956,160.2633554980497,160.60627109784113,69023900
2022-04-19,164.01593017578125,164.42745284930518,160.59649161266293,161.68405307765963,67723800
2022-04-20,163.84938049316406,165.46603411276996,162.7422340206999,165.34844979022682,67929800
2022-04-21,163.0557403564453,168.06243992326603,162.55605562621574,165.49540922825548,87227800
2022-04-22,158.51934814453125,164.4764404677371,158.2352171809879,163.09495550660975,84882400
2022-04-25,159.58729553222656,159.87142644375086,155.25665006996203,157.8628653370747,96046400
2022-04-26,153.6302032470703,159.05820246882445,153.55181869779824,158.9700254572649,95623200
2022-04-27,153.40487670898438,156.55976925790796,152.23893068313222,152.75821530720194,88063200
2022-04-28,160.33192443847656,161.19413952588084,155.71713316880462,156.0306713643422,130216800
2022-04-29,154.46302795410156,162.84018882642286,154.07112011517893,158.568327600733,131747600
2022-05-02,154.7667694091797,155.03130046543404,150.17157761678854,153.54203875876948,123055300
2022-05-03,156.25601196289062,157.46115753940876,153.15990462040372,154.9528969165434,88966500
2022-05-04,162.663818359375,163.11451083359574,156.040465917951,156.4421811299961,108256500
2022-05-05,153.600830078125,160.76305283929582,151.8176149978829,160.53770657596968,130525300
2022-05-06,154.3269500732422,156.44639806349898,151.28514888506098,153.08079107355962,116124600
2022-05-09,149.2049560546875,152.90417564451926,148.64566602154656,152.0210648420898,131577900
2022-05-10,151.60891723632812,153.7970575708187,150.05858149525076,152.599963074193,115366700
2022-05-11,143.74929809570312,152.53124880743349,143.07225122446442,150.61786524020772,142689800
2022-05-12,139.88331604003906,143.45497143936288,136.19391853080884,140.08937970466798,182602000
2022-05-13,144.34783935546875,145.319256344765,140.42294400487185,141.87515109235218,113990900
2022-05-16,142.807373046875,144.7502078730768,141.47290744658727,142.81719487180055,86643800
2022-05-17,146.4379119873047,146.9579596403424,143.92596533868675,146.06504198237434,78336300
2022-05-18,138.1759796142578,144.59317839270622,137.27324030149254,144.09275951105042,109742900
2022-05-19,134.77113342285156,139.00020681352638,134.03521536260072,137.2536291483144,136095600
2022-05-20,135.0066375732422,138.05824551298795,130.12014512321653,136.47847391127468,137426100
2022-05-23,140.42294311523438,140.5701207010343,135.065454407805,135.20282514531408,117726300
2022-05-24,137.72462463378906,139.30439614103204,134.7515166065387,138.16617251433556,104132700
2022-05-25,137.881591796875,139.12773541661255,135.7425158289754,135.83082238994157,92482700
2022-05-26,141.08041381835938,141.62989697300142,134.56508575048807,134.8103917996885,90601500
2022-05-27,146.83035278320312,146.86959515379783,142.53258704704527,142.6601509529846,90978500
2022-05-31,146.04537963867188,147.8312145429356,144.08293159739236,146.2710719434681,103718400
2022-06-01,145.9178009033203,148.89090788101987,144.907126593916,147.08544467274558,74286600
2022-06-02,148.37091064453125,148.42978169809749,144.10257959347064,145.05436821890447,72348100
2022-06-03,142.65040588378906,145.19177344761218,141.747681246256,144.14185616895017,88570300
2022-06-06,143.3960723876953,145.78045445382116,142.17934925780943,144.2693611343495,71598400
2022-06-07,145.9178009033203,146.20234922339836,141.39435849288608,141.6396644479589,67808200
2022-06-08,145.1819610595703,147.056088184553,144.69134888576738,145.79031536395144,53950200
2022-06-09,139.96182250976562,145.17212073609275,139.8538872463902,144.318460453583,69473000
2022-06-10,134.55526733398438,138.11710068108783,134.48657445941151,137.6461172993445,91437900
2022-06-13,129.40382385253906,132.6614796951245,128.9720829038409,130.37522601482007,122207100
2022-06-14,130.26731872558594,131.37610685696256,129.01135295389076,130.63038185886012,84784300
2022-06-15,132.88719177246094,134.76133366612893,129.67859928442957,131.7685967366082,91533000
2022-06-16,127.61800384521484,129.90425779121338,126.61715107258264,129.60008071626916,108123900
2022-06-17,129.08985900878906,130.58132405033675,127.3727165836019,127.62784446904055,134520300
2022-06-21,133.31890869140625,134.48656772231706,130.8167993077871,130.91491273074396,81000500
2022-06-22,132.80868530273438,135.17342395812105,131.39572023105475,132.25918724085466,73409200
2022-06-23,135.67384338378906,135.98782727058793,133.08341268546732,134.2510716127321,72433800
2022-06-24,139.00018310546875,139.24548908371264,137.14567050883647,137.273219436367,89116800
2022-06-27,139.00018310546875,140.7958246628887,138.3231362099494,140.0206493871563,70207900
2022-06-28,134.85943603515625,140.72715167094702,134.74169394010806,139.46137923230657,67083400
2022-06-29,136.6157989501953,138.0287637570601,134.10386817011943,134.87904343302176,66242400
2022-06-30,134.1529541015625,135.77196780465343,131.2583461315228,134.67300165333307,98964500
2022-07-01,136.32144165039062,136.42937688810812,133.11284998534265,133.48570492012948,71051600
2022-07-05,138.90208435058594,138.951148551157,134.35901187342057,135.18325151505502,73353800
2022-07-06,140.23655700683594,141.41402301996357,138.4311081218874,138.69604284083624,74064300
2022-07-07,143.60215759277344,143.79839942455877,140.58979232323185,140.5995991745189,66253700
2022-07-08,144.27915954589844,144.77959333061295,142.27746932390713,142.5325821547398,64547800
2022-07-11,142.1499481201172,143.88671918371236,141.08041731246487,142.9349304914586,63141600
2022-07-12,143.121337890625,145.66270453987497,142.32654882035914,143.0232094985196,77588800
2022-07-13,142.75830078125,143.7002675399076,139.45156535802397,140.3052405126538,71185600
2022-07-14,145.68234252929688,146.1533259024835,140.56035155748177,141.3747693527097,78140700
2022-07-15,147.3503875732422,148.02743444283934,145.41737534090672,146.96771086072485,76259900
2022-07-18,144.3086395263672,148.7241480973096,143.9455764182645,147.9097302753274,81420900
2022-07-19,148.16482543945312,148.39050276940443,144.1516228338136,145.1426536934173,82982400
2022-07-20,150.1665496826172,150.83378994510406,147.54668278325192,148.28260095629702,64823400
2022-07-21,152.4331512451172,152.64902171844827,149.0871738807754,151.59910487340264,65086600
2022-07-22,151.1968231201172,153.34570636779952,150.5295978961148,152.47241748797757,66675400
2022-07-25,150.07821655273438,152.12897123891142,149.42079823109208,151.1183116577891,53623900
2022-07-26,148.7535400390625,150.21555397747602,147.96855797310025,149.40113639411533,55138700
2022-07-27,153.8461151123047,154.37598449377768,149.3030578563077,149.71517016840275,78620700
2022-07-28,154.39559936523438,154.68014773185416,151.5107984661639,154.0325363111874,81378700
2022-07-29,159.45870971679688,160.5576907977121,156.5052308137223,158.21256599444197,101786900
2022-08-01,158.4774932861328,160.51844113720935,157.8691391572039,157.98688125382472,67829400
2022-08-02,157.0056610107422,159.36060780651525,156.63280603827062,157.0939825576486,59907000
2022-08-03,163.01075744628906,163.4621121282082,157.73176722636683,157.82007379818262,82507500
2022-08-04,162.69676208496094,164.05085610462757,161.3426680652943,162.89300390623217,55474100
2022-08-05,162.47079467773438,162.96208826310027,160.16170882927858,160.368058732092,56697000
2022-08-08,161.9991455078125,164.88795425048374,161.34081388850365,163.47302629545368,60276900
2022-08-09,162.04827880859375,162.93261628217675,160.4073599879795,161.16395632810153,63135500
2022-08-10,166.2930450439453,166.39129475740782,163.99377985120265,164.76019658442047,70170500
2022-08-11,165.55609130859375,168.0125588424397,165.26131220591463,167.09874512344325,57149200
2022-08-12,169.10325622558594,169.1720295303759,166.4502588992338,166.8629587003345,68039400
2022-08-15,170.17422485351562,170.37073923171536,168.3662685851405,168.53330655626456,54091700
2022-08-16,170.0170135498047,170.68518045173758,168.67087426733767,169.7713668198312,56377100
2022-08-17,171.5105743408203,173.08270464114312,169.5650561598673,169.76157057327157,79542000
2022-08-18,171.11752319335938,171.85446345688476,170.10545976423154,170.72449438338106,62290100
2022-08-19,168.53334045410156,170.71468497495962,168.32699056998192,170.01704154998163,70346300
2022-08-22,164.65213012695312,166.9022480242965,164.22960987091767,166.73521001384654,69026800
2022-08-23,164.3180389404297,165.77227866474297,163.74813661491604,164.17065687050786,54147100
2022-08-24,164.61280822753906,165.1827105189657,163.35509799580043,164.40647334198977,53841500
2022-08-25,167.06927490234375,167.17736007756102,165.41853585512217,165.84104108991514,51218200
2022-08-26,160.77085876464844,168.0714870002958,160.7119059513814,167.5998495010736,78961000
2022-08-29,158.56991577148438,160.0634374134409,157.03708224821386,158.3439099366534,73314000
2022-08-30,156.1428985595703,159.72933499269527,154.9736176696823,159.30682979347176,77906200
2022-08-31,154.4823455810547,157.78383884788298,154.40373681361956,157.5185361319256,87991100
2022-09-01,155.20945739746094,155.66143904544523,151.97673759886456,153.91243529158203,74229900
2022-09-02,153.09689331054688,157.56766760419046,152.2715237467297,156.9682888748041,76957800
2022-09-06,151.83917236328125,154.35459275815265,151.0138028574181,153.7453935980758,73714800
2022-09-07,153.24429321289062,153.9419216691413,150.93520749298594,152.1241445003408,87449600
2022-09-08,151.77040100097656,153.6373103822705,150.02138227376568,151.94725947173376,84923800
2022-09-09,154.62969970703125,155.07187581808674,152.0553267593616,152.76279054534643,68028800
2022-09-12,160.58421325683594,161.3997624033507,156.5261384587271,156.81108213975503,104956000
2022-09-13,151.1611785888672,157.7445084078153,150.6993615052029,157.11565333541313,122656600
2022-09-14,152.60557556152344,154.3644145838136,150.93518075875835,152.0946261536245,87965400
2022-09-15,149.71676635742188,152.5368010537083,148.7440148881969,151.9570633678186,90481100
2022-09-16,148.0758514404297,148.71454195841454,145.7864220311532,148.57698038414023,162278800
2022-09-19,151.7900390625,151.8686478234834,146.50373107588743,146.71006595451675,81474200
2022-09-20,154.1679229736328,155.32738364566532,150.41444773199837,150.72886783406594,107689800
2022-09-21,151.04327392578125,155.9758648340084,150.92536828428254,154.600234046477,101696800
2022-09-22,150.080322265625,151.780193333908,148.28218651419172,149.72659039660394,86652500
2022-09-23,147.810546875,148.8324456934816,145.9731140864417,148.55732254844892,96029900
2022-09-26,148.14463806152344,151.09239889982268,147.0343100146429,147.05396595162924,93339400
2022-09-27,149.11741638183594,152.02588086273627,147.3389360881853,150.08036255735442,84442700
2022-09-28,147.2308349609375,148.01690757279204,142.31789987820665,145.0691465231535,146691400
2022-09-29,139.99896240234375,144.16513581210666,138.2303031721102,143.55593679678137,128138200
2022-09-30,135.79354858398438,140.60823487907734,135.59703414181732,138.819918971248,124925300
2022-10-03,139.96951293945312,140.57872706512543,135.2924042908768,135.80335372086685,114311700
2022-10-04,143.5559844970703,143.67389015390162,141.74801279814906,142.50460908002574,87830100
2022-10-05,143.8507080078125,144.81365391024482,140.5197392053699,141.56129385451618,79471000
2022-10-06,142.8976287841797,144.97088807825529,142.69129389793306,143.27101666436323,68402200
2022-10-07,137.65060424804688,140.60820060654387,137.02174919053795,140.05793931227225,85925600
2022-10-10,137.97488403320312,139.41928832461434,136.15710682488464,137.97488403320312,74899000
2022-10-11,136.5599365234375,138.88867789955424,135.8131758038938,137.4639147607023,77033700
2022-10-12,135.9311065673828,137.91593686444165,135.7542480720767,136.70735883391194,70433700
2022-10-13,140.50013732910156,141.08968060374897,132.03022618093473,132.6394403890868,113224000
2022-10-14,135.9704132080078,142.00349764686453,135.78371925254498,141.79714775053986,88598000
2022-10-17,139.9302215576172,140.41167960335844,137.82748592791265,138.61355854500806,85250900
2022-10-18,141.2469024658203,144.14553155258784,138.1615794221166,142.95660950013638,99136600
2022-10-19,141.35499572753906,142.42601218125702,139.03608932702545,139.22278329462767,61758300
2022-10-20,140.89315795898438,143.34962560942563,140.16603813694184,140.52960554450746,64522000
2022-10-21,144.70555114746094,145.2754532469681,140.16599028396138,140.38216056284628,86548600
2022-10-24,146.84765625,147.6140730780798,143.45773335763306,144.6270145421138,75981900
2022-10-25,149.6873321533203,149.83472923085242,146.7592264620596,147.47651092815792,74732300
2022-10-26,146.7493896484375,149.3434189974195,145.46218795090752,148.33135548203074,88194300
2022-10-27,142.27862548828125,146.4546209688135,141.62029388228584,145.49168973842666,109180200
2022-10-28,153.0281219482422,154.75746986477446,145.24603383421282,145.619406740808,164762400
2022-10-31,150.6698760986328,151.55421333060897,149.27460445858512,150.4930176480896,97943200
2022-11-01,148.0267333984375,152.74315424703352,146.5332118743015,152.3796018355527,80379300
2022-11-02,142.50460815429688,149.5202795588878,142.47513174028057,146.35634784769096,93604600
2022-11-03,136.461669921875,140.313408670562,136.33392883040858,139.58628898595558,97918500
2022-11-04,136.19593811035156,140.41822196260875,132.25907054843208,139.84737436397546,140814800
2022-11-07,136.72744750976562,136.95381325392813,133.52874170596672,134.94601683421618,83374600
2022-11-08,137.2982635498047,139.1977950411925,135.31999290082103,138.1939045722533,89908500
2022-11-09,132.7413330078125,136.363259132224,132.46575346788492,136.31404528196006,74917800
2022-11-10,144.55194091796875,144.55194091796875,137.298266687944,139.0108096143879,118854000
2022-11-11,147.3372802734375,147.64238513720315,142.0914019190675,143.5185285677149,93979700
2022-11-14,145.93971252441406,147.90814675324938,145.10312196997452,146.61882473623606,73374100
2022-11-15,147.6719207763672,151.16589433590542,146.2152837355369,149.81752177217496,89868300
2022-11-16,146.441650390625,147.50460662223392,144.96532479416155,146.77629560614008,64218300
2022-11-17,148.34121704101562,149.08921670380388,143.84333724490105,144.11891685845265,80389400
2022-11-18,148.90219116210938,150.2899408094876,147.60303246304494,149.9060967599958,74829600
2022-11-21,145.67396545410156,147.99671837716943,145.3885491071394,147.79004119922186,58724100
2022-11-22,147.80967712402344,148.04589457097163,144.6109724091407,145.7920446259246,51804100
2022-11-23,148.68565368652344,149.43365312101446,146.98294764352303,147.09121210280074,58301400
2022-11-25,145.7723846435547,146.5302359602774,144.79800437919693,145.96922504559743,35195900
2022-11-28,141.94378662109375,144.32559012136235,141.11704788902577,142.8492645206864,69246000
2022-11-29,138.94195556640625,142.52450596676132,138.13490518319813,142.01270876157795,83763800
2022-11-30,145.69366455078125,146.3727767919922,138.3317244213744,139.16829999405587,111380900
2022-12-01,145.96922302246094,146.7762881829984,144.29605710134743,145.87081033178356,71250400
2022-12-02,145.47711181640625,145.66411544857186,143.35119950014382,143.65631938407483,65447400
2022-12-05,144.31573486328125,148.53801893223152,143.4693076933105,145.43774157529282,68826400
2022-12-06,140.65447998046875,144.9751927748334,139.68009957146649,144.74882702977874,64727200
2022-12-07,138.71554565429688,141.10718574311466,137.7903792762826,139.9458168978351,69721100
2022-12-08,140.39854431152344,141.25482328488022,138.8730200272998,140.1131279990439,62128300
2022-12-09,139.91632080078125,143.272505058159,138.676197516891,140.09347268821548,76097000
2022-12-12,142.2095489501953,142.2193857157506,138.83367613735973,140.44779174822483,70462700
2022-12-13,143.17408752441406,147.60306524114876,141.96350448686977,147.1404819226305,93886200
2022-12-14,140.94972229003906,144.3452679150581,138.9320744491566,143.05594605605327,82291200
2022-12-15,134.3456268310547,139.5619801804679,133.88304361781863,138.88286801559113,98931900
2022-12-16,132.3870391845703,135.47748033551235,131.6193510336839,134.53264031194206,160156900
2022-12-19,130.28082275390625,133.06615916355452,129.24740673369394,132.97758322204413,79592600
2022-12-20,130.21194458007812,131.14694795968774,127.83997741416955,129.3163032823837,77432800
2022-12-21,133.3121795654297,134.65071518492888,130.6547968699711,130.8811625578248,85928000
2022-12-22,130.1430206298828,132.43624823454394,128.24348886904642,132.22957105725172,77852100
2022-12-23,129.77886962890625,130.3300288114699,127.5939064280565,128.85370313619094,63814900
2022-12-27,127.97772979736328,129.3359540046201,126.68840798575984,129.30642869732836,69007800
2022-12-28,124.05070495605467,128.96194542125178,123.88338987714543,127.62340977201892,85438400
2022-12-29,127.56436920166016,128.42063320760047,125.71404389802797,125.9699349180437,75703700
2022-12-30,127.87933349609376,127.89902204510923,125.41879800683148,126.38333416609474,77034200
2023-01-03,123.09602355957033,128.8340031338152,122.2102267313656,128.22379338136977,112117500
2023-01-04,124.36566925048828,126.62937150933897,123.10587260552036,124.8873030948284,89113600
2023-01-05,123.04679870605467,125.7533952948206,122.79090770776376,125.12349705306252,80962700
2023-01-06,127.57421875,128.2336424206293,122.91887596059404,124.02120184221346,87754700
2023-01-09,128.09584045410156,131.30439758356596,127.83994943275364,128.41079711233908,70790800
2023-01-10,128.6667022705078,129.18833615231142,126.09789493911428,128.20411901412172,63896200
2023-01-11,131.38314819335938,131.402821722743,128.40097153395064,129.17849644752224,69458900
2023-01-12,131.30441284179688,132.14098840377943,129.36550386584642,131.76699610111268,71379600
2023-01-13,132.63307189941406,132.7905502170586,129.58200833933589,129.94616380817476,57809700
2023-01-17,133.79444885253906,135.12313266732727,132.01301865225,132.7019674841355,63646600
2023-01-18,133.0760040283203,136.42233624485746,132.898837136548,134.6605941996835,69672800
2023-01-19,133.13504028320312,134.0995687562006,131.65871475561192,131.96381962844052,58280400
2023-01-20,135.69398498535156,135.84162653742413,132.1015991542997,133.14486670992753,80223600
2023-01-23,138.88287353515625,141.0579999020067,135.72353008280908,135.9400590430552,81760300
2023-01-24,140.2804718017578,140.90053342355856,138.0856717213938,138.0955084866108,66435100
2023-01-25,139.62100219726562,140.1819979894366,136.61913781717996,138.6663106564194,65799300
2023-01-26,141.68789672851562,141.9733130723702,139.66039693887691,140.91035682918778,54105100
2023-01-27,143.62677001953125,144.9062550377642,140.82176076743906,140.90049992434123,70555800
2023-01-30,140.7430419921875,143.2527985417942,140.59541543784155,142.6721140707524,64015300
2023-01-31,142.01268005371094,142.06189391275458,140.0344090710312,140.4477784546675,65874500
2023-02-01,143.1346435546875,144.29602720051471,139.08952688042356,141.69769542128986,77663600
2023-02-02,148.43960571289062,148.7939093931277,145.831421817907,146.5498959772077,118339000
2023-02-03,152.06155395507812,154.89610423261004,145.49682718195612,145.6936676139042,154357300
2023-02-06,149.3352508544922,150.6836384438328,148.40024764766747,150.1620046015634,69858300
2023-02-07,152.20916748046875,152.7800151967711,148.26246234257331,148.26246234257331,83322600
2023-02-08,149.52223205566406,152.14025265616812,148.78406936876726,151.45130381865607,64120100
2023-02-09,148.48880004882812,151.89419715713953,148.04590544398496,151.3528748543498,56007100
2023-02-10,148.85354614257812,149.1788354914484,147.08911426452642,147.32569243849323,57450700
2023-02-13,151.6529998779297,152.05713357186568,148.76483299254943,148.79440338379132,62199000
2023-02-14,151.0122528076172,151.57412024796835,148.70567235340334,149.94767374239032,61707600
2023-02-15,153.11184692382812,153.27941747242824,150.69683660205456,150.92354792770303,65573800
2023-02-16,151.5149688720703,154.09754945424802,151.16010920849044,151.31781291605773,68167900
2023-02-17,150.37156677246094,150.8151376986906,148.69584602843153,150.17442580979125,59144100
2023-02-21,146.35964965820312,149.1393862953431,146.29065710385296,148.05508866222715,58867200
2023-02-22,146.78353881835938,147.8086807909047,145.0585291708209,146.74410160351695,51011300
2023-02-23,147.2665252685547,148.1931042440918,145.1373820304515,147.94667430552937,48394200
2023-02-24,144.6149139404297,145.08805508727195,143.639046224237,145.0091957226506,55469600
2023-02-27,145.8076629638672,147.039812645864,145.34437348016522,145.60067024018994,44998500
2023-02-28,145.30494689941406,146.95109701970668,144.7332276594082,144.95008720013072,50547000
2023-03-01,143.23492431640625,145.12750429739225,142.9392054041828,144.73322244168676,55479000
2023-03-02,143.8263702392578,144.61494903595985,141.84506394442167,142.31822024697658,52238100
2023-03-03,148.8732452392578,148.95210462024477,145.2260853537234,145.9259379185379,70732300
2023-03-06,151.63327026367188,154.06799923846452,151.26855877090114,151.59383305095145,87558000
2023-03-07,149.4351043701172,151.83039589059405,148.9718149331636,151.50510660246357,56182000
2023-03-08,150.68698120117188,151.278419098267,149.66183922588297,150.62784041964048,47204800
2023-03-09,148.4395294189453,152.33311931510104,148.08466971716794,151.3671181983863,53833600
2023-03-10,146.37940979003906,148.78456882882224,145.5021196528658,148.0649974904625,68572400
2023-03-13,148.32125854492188,150.9531285889032,145.59081050522525,145.69924028415588,84457100
2023-03-14,150.41098022460938,151.209410853691,147.95654755608294,149.11968969699433,73695900
2023-03-15,150.80526733398438,151.06154904978908,147.7791005346977,149.03096880678774,77167900
2023-03-16,153.62445068359375,154.22574041738864,149.47456333381393,149.98714188743216,76161100
2023-03-17,152.7865753173828,154.50173325502132,152.07685582876627,153.85115455030763,98944600
2023-03-20,155.1522979736328,155.56631354554972,151.94870846939224,152.85558396503848,73641400
2023-03-21,157.0054168701172,157.12369840917287,154.30453974820858,155.0734148747329,73938300
2023-03-22,155.57615661621094,159.82460651427928,155.5564380089166,157.0251659140942,75701800
2023-03-23,156.66043090820312,159.24302685232914,155.4282812343858,156.56186795883147,67622100
2023-03-24,157.96157836914062,158.0502895303303,155.59585715875076,156.59142861861952,59196500
2023-03-27,156.0197296142578,158.47417734472043,155.61558088418133,157.6560281012329,52390300
2023-03-28,155.3987274169922,156.226743517172,153.7525770821358,155.71416498675424,45992200
2023-03-29,158.47415161132812,158.7501519087846,157.0744315196879,157.09413508315754,51305700
2023-03-30,160.04144287109375,160.14987263415844,158.96701206310877,159.2232937572216,49501700
2023-03-31,162.54518127441406,162.64375926608275,159.59788883873148,160.120319104618,68749800
2023-04-03,163.79705810546875,163.91533966892132,161.87490749491164,161.92419649331373,56976200
2023-04-04,163.2647705078125,164.45748300799937,162.75219201536794,164.22091988909426,46278300
2023-04-05,161.4214630126953,162.69304993016723,159.48946069965243,162.38747921010668,51511700
2023-04-06,162.3086395263672,162.60435849941234,159.6866210280676,160.11047335808198,45390100
2023-04-10,159.71617126464844,159.71617126464844,157.7940207437735,159.11488161033475,47716900
2023-04-11,158.50375366210938,160.0414742096721,158.21788648492154,160.03162242596915,47644200
2023-04-12,157.8137664794922,159.7457691153541,157.49832888292315,158.917767985699,50133100
2023-04-13,163.1957550048828,163.4323331532267,159.11487595150933,159.32188371142138,68445600
2023-04-14,162.8507537841797,163.9449032227771,161.48060404043056,162.23959735915352,49386500
2023-04-17,162.8704833984375,163.02820218114718,161.6876226098968,162.73248322378927,41516200
2023-04-18,164.09275817871094,165.019337094876,163.28446081239204,163.72804670609275,49923000
2023-04-19,165.2362060546875,165.7586363174907,163.17604035173306,163.43233711220313,47720200
2023-04-20,164.2701873779297,165.47276665465435,163.1957564794937,163.71818673436218,52456400
2023-04-21,162.6634979248047,164.07307012591417,162.141067594516,162.6930683177726,58337300
2023-04-24,162.9690399169922,163.23518844762253,161.5496011414824,162.64375061086378,41949600
2023-04-25,161.43130493164062,163.93502612600452,161.39186772429704,162.8310249745858,48714100
2023-04-26,161.4214630126953,162.91976126426218,160.47518046288778,160.73146218660858,45498800
2023-04-27,166.00509643554688,166.15294840816836,162.83107706887154,162.83107706887154,64902300
2023-04-28,167.25692749023438,167.424513091262,165.4826438930684,166.08393356927388,55275900
2023-05-01,167.16819763183594,168.0159171618742,166.23176694003394,166.86262693627947,52472900
2023-05-02,166.13320922851562,167.91737470896658,165.1474894240389,167.66107793363267,48425700
2023-05-03,165.05877685546875,168.4792257513459,164.77292473257992,167.07950544573387,65136000
2023-05-04,163.4224853515625,164.6546351492701,161.9636242025262,162.53534351356944,81235400
2023-05-05,171.0913848876953,171.8109560965244,168.32149974515366,168.5383592942621,113453200
2023-05-08,171.0223846435547,171.36739258858665,169.65223472844943,170.0169462399646,55962800
2023-05-09,169.3170928955078,171.06180609803263,169.14952233576255,170.57881302608763,45326900
2023-05-10,171.08151245117188,171.54480192353225,169.44521410372417,170.5492304195713,53724500
2023-05-11,171.268798828125,172.09679977091955,169.71135988855104,171.3673768150292,49514700
2023-05-12,170.34095764160156,171.8117019924622,168.79122976444327,171.3773829679925,45533100
2023-05-15,169.847412109375,170.97268634600138,169.2551561693846,170.92332917405315,37266700
2023-05-16,169.847412109375,170.903583292935,169.58089543020992,169.7684436465967,42110300
2023-05-17,170.45941162109375,170.69630196545663,168.21872838992437,169.4920742376562,57951600
2023-05-18,172.78890991210938,172.97645812210007,170.35081330561755,170.76538642479474,65496700
2023-05-19,172.89749145507812,174.11159953538055,172.68033195301507,174.11159953538055,55809500
2023-05-22,171.94989013671875,172.45331220735133,171.2095777379714,171.73273062815065,43570900
2023-05-23,169.34397888183594,171.1404774028389,169.0675968111729,170.89370662105455,50747300
2023-05-24,169.62034606933594,170.19285604024458,168.31740428792023,168.88003378894078,45143500
2023-05-25,170.75552368164062,171.65375792303627,169.47231254318322,170.18301363335365,56058300
2023-05-26,173.16400146484375,173.49962120538788,170.87397623432938,171.08127033696854,54835000
2023-05-30,175.00987243652344,176.6780456265802,174.28930584342234,174.6742677286896,55964400
2023-05-31,174.9604949951172,177.03337571367211,174.4768188110026,175.03946345752533,99625300
2023-06-01,177.76382446289062,177.79343575638538,174.64463768008144,175.40469602373648,68901800
2023-06-02,178.61268615722656,179.4319669478336,176.94451328757913,178.69165461361322,61996900
2023-06-05,177.26039123535156,182.5610228518948,175.7402747725204,180.2709978101985,121946500
2023-06-06,176.8951873779297,177.79342164547316,175.13816542041533,177.64536518975015,64848400
2023-06-07,175.5231170654297,178.86932803839457,175.0295755351299,176.13510374325992,61944600
2023-06-08,178.2376251220703,178.50412674833163,175.1677956906412,175.60209965770608,50214900
2023-06-09,178.62257385253906,179.8761586114367,178.29683460490384,179.15559212759166,48900000
2023-06-12,181.41603088378903,181.51474523727245,178.63246384356634,178.92859184232086,54274900
2023-06-13,180.94219970703125,181.7713458918988,180.08344223425368,180.4387927508673,54929100
2023-06-14,181.57395935058597,182.00827838693,179.66889592317074,181.00144926283195,57462900
2023-06-15,183.6073455810547,184.1107676661695,181.4061542027307,181.5838370156226,65433200
2023-06-16,182.5314178466797,184.57468723659963,181.88981981135748,184.31803597311568,101256200
2023-06-20,182.6202545166016,183.69618663444365,182.02801364300083,182.02801364300083,49799100
2023-06-21,181.58384704589844,183.01511479137184,180.23153270863293,182.5116926784492,49515700
2023-06-22,184.58457946777344,184.63393664574576,181.29759022920584,181.36669329070625,51245300
2023-06-23,184.2686920166016,185.13733008755813,182.620264813178,183.15329819733583,53117000
2023-06-26,182.87692260742188,185.62101290744985,182.8374308418657,184.4167701068108,48088700
2023-06-27,185.6308441162109,185.9565833444032,183.27171612569057,183.48887561115208,50730800
2023-06-28,186.8054962158203,187.44709427325768,185.17681495512895,185.5025391579117,51216800
2023-06-29,187.1410980224609,187.61490879718235,186.49949997485515,186.6376910187253,46347300
2023-06-30,191.46453857421875,191.96794560784363,188.78953634841972,189.1547673916645,85213200
2023-07-03,189.97401428222656,191.37567043424477,189.2830440838622,191.27695610256632,31458200
2023-07-05,188.85861206054688,190.4872931571664,188.15777642969252,189.09551742767215,46920300
2023-07-06,189.3324432373047,189.53973735512335,186.7561552507634,187.3878879532025,45094300
2023-07-07,188.21701049804688,190.1813114167851,187.7827065576724,188.9375920522482,46815000
2023-07-10,186.1737823486328,187.5359621262765,184.6240543335807,186.8153804707919,59922200
2023-07-11,185.6505889892578,186.85483156149365,184.18971023636405,186.71664053164815,46638100
2023-07-12,187.3187561035156,189.22381917553403,186.0355451159856,187.229907181424,60750200
2023-07-13,188.07882690429688,188.72044002337208,187.32864909209997,188.0393502033157,41342300
2023-07-14,188.22689819335935,188.71055932283983,187.18059240914323,187.77283329330808,41616200
2023-07-17,191.4842834472656,191.81002272437505,189.33243414864157,189.42126802557277,50520200
2023-07-18,191.2276306152344,191.8198865800326,189.93455398917624,190.852549228444,48288200
2023-07-19,192.57994079589844,195.66950100927124,190.16157487576123,190.6057743707706,80507300
2023-07-20,190.6353759765625,193.93223012421535,190.01350876450036,192.57005054034343,59581200
2023-07-21,189.4607696533203,192.4516308259383,188.75993388819955,191.5928731808388,71951700
2023-07-24,190.26031494140625,192.3924185835724,189.7667732684065,190.91179356457312,45377800
2023-07-25,191.11903381347656,191.92844922240585,190.4280786239598,190.83278632842445,37283200
2023-07-26,191.98768615722656,193.11296042478057,190.8229351880455,191.1684052777898,47471900
2023-07-27,190.7241973876953,194.65278390019768,190.06285351948284,193.4880330742484,47460200
2023-07-28,193.3004913330078,194.0901608500724,191.6323184319033,192.1554712863488,48291400
2023-07-31,193.9125061035156,193.9519978690126,192.73787459795656,193.52754422924545,38824100
2023-08-01,193.0833282470703,194.1888565133771,192.75758901252783,193.7051954277144,35175100
2023-08-02,190.09246826171875,192.65887532596588,189.37190180440743,192.5206842922117,50389300
2023-08-03,188.70068359375,189.8851803589987,188.22688789998924,189.09552588996192,61235200
2023-08-04,179.6392822265625,184.95966022717985,179.57017917093492,183.12368481919472,115956800
2023-08-07,176.53985595703125,180.76457131743229,175.0592309925441,179.77748800777417,97576100
2023-08-08,177.4775390625,177.9414693105031,175.2862134413724,177.36895932229305,67823000
2023-08-09,175.88833618164062,178.59293417746048,174.7235703168388,178.53371160261662,60378500
2023-08-10,175.67117309570312,178.41526279292168,175.30595718386297,177.16166309157035,54686900
2023-08-11,175.7305145263672,176.55090180538758,174.50488805624465,175.26597277471524,52036700
2023-08-14,177.3811492919922,177.60848075837384,175.2560457553654,175.90840396188517,43675600
2023-08-15,175.3944091796875,177.40089237300143,174.99904882828764,176.8078518459017,43622600
2023-08-16,174.52464294433594,176.47180884084688,174.45544657600635,175.07815356283987,46964900
2023-08-17,171.98440551757812,175.4537406821077,171.47042491030345,175.08803154260252,66062900
2023-08-18,172.46873474121094,173.07166917955516,169.96804315644715,170.30410101859755,61172200
2023-08-21,173.8031005859375,174.08974972921308,171.7274356199635,173.04203097276417,46311900
2023-08-22,175.17698669433594,175.62177093693052,174.2083431088137,175.00895776189057,42038900
2023-08-23,179.0219268798828,179.44695366375947,176.264252478764,176.45205395893973,52722800
2023-08-24,174.33685302734375,179.00217866700072,173.9711287799832,178.57715186115848,54945800
2023-08-25,176.54103088378906,177.07476903438783,173.78335612196395,175.3252830926219,51449600
2023-08-28,178.1027069091797,178.49806733287568,176.48170504077262,178.003859262239,43820700
2023-08-29,181.9871826171875,182.7581460326424,177.4207046822572,177.61838490226515,53003900
2023-08-30,185.4762725830078,185.6739678659169,182.5999932338842,182.79767343476072,60813900
2023-08-31,185.6937255859375,186.9292456956689,185.30824391498265,185.66407430986652,60794500
2023-09-01,187.26535034179688,187.7200133732383,186.09901131803056,187.29500162288932,45766500
2023-09-05,187.5025177001953,187.77927298177536,185.43673181910435,186.09896874874457,45280000
2023-09-06,180.79119873046875,186.6623929808804,179.3678770840619,186.2175936548533,81755800
2023-09-07,175.50315856933594,176.14563807720947,171.5297216636145,173.1507234483217,112488800
2023-09-08,176.115966796875,178.15211655476327,175.7304851357375,176.2840107997074,65551300
2023-09-11,177.28231811523438,178.21143169284028,175.28571330476424,177.98410020535158,58953100
2023-09-12,174.25778198242188,178.04341790139725,172.79493020499618,177.4108321261293,90370200
2023-09-13,172.19195556640625,175.2461573436229,171.96460903055169,174.46530026870357,84267900
2023-09-14,173.7042694091797,174.06009984649242,171.5692867853032,171.98441978182902,60895800
2023-09-15,172.98272705078125,174.45547273170345,171.80652435113169,174.43570018321154,109259500
2023-09-18,175.90841674804688,177.30208708635865,174.1292647291417,174.43567131089117,67257600
2023-09-19,176.99571228027344,177.5492229895183,175.0781822646496,175.4636640144477,51826900
2023-09-20,173.45713806152344,177.61836118650515,173.36816915467014,177.18345571133617,58436200
2023-09-21,171.91519165039062,174.25774788080986,171.84601037143327,172.52801984046553,63149100
2023-09-22,172.76527404785156,175.02875576323612,172.0338556569529,172.6466689211189,56725400
2023-09-25,174.04031372070312,174.9200034718099,172.13266274999066,172.1820865728236,46172700
2023-09-26,169.96804809570312,173.1705067749598,169.67152023376326,172.7949188930673,64588900
2023-09-27,168.45578002929688,171.03554713361237,167.09177581326995,170.62041410420977,66921800
2023-09-28,168.71275329589844,170.03722730338785,165.67830850769053,167.37838547451082,56294400
2023-09-29,169.22669982910156,171.06515408193007,168.36676770498428,170.02731432787635,51861100
2023-10-02,171.73727416992188,172.28090596787308,168.94993390517055,169.23658298137698,52164500
2023-10-03,170.40293884277344,171.61870157072957,168.84125459232132,170.26456118455488,49594600
2023-10-04,171.64834594726562,172.19197782627828,168.9895041879398,169.10810929534875,53020300
2023-10-05,172.88388061523438,173.41761872545223,170.67970163713667,171.77684421895017,48527900
2023-10-06,175.43397521972656,175.9281832590251,171.17388925206592,171.78671747657816,57266700
2023-10-09,176.9166259765625,176.97592853708252,173.7635757979471,174.76187075811515,42390800
2023-10-10,176.3235626220703,177.63815795783916,175.8886570875863,176.03692856454262,43698000
2023-10-11,177.71722412109375,177.76664794425923,175.54271164011269,176.13575227199846,47551100
2023-10-12,178.61668395996094,180.227791982292,176.96601576479657,177.98409824545533,56743100
2023-10-13,176.77822875976562,179.82253713140665,176.07644667980117,179.31845034069394,51427100
2023-10-16,176.6497344970703,177.0055649122618,174.46532818230494,174.70255348644375,52517000
2023-10-17,175.09791564941406,176.3532083879715,172.77514673671925,174.60370757241088,57549400
2023-10-18,173.8031005859375,175.5229501994882,173.08156098457755,173.5461178040648,54764400
2023-10-19,173.42750549316406,175.77992569036093,173.16062890788183,174.0007735918687,59302900
2023-10-20,170.8773651123047,173.3879351486228,170.6401398397108,173.27920878393786,64244000
2023-10-23,170.99600219726562,171.99429712738208,167.96155723103598,168.93021596381925,55980100
2023-10-24,171.43089294433594,171.65822442721412,169.4639394511676,171.045411263789,43816600
2023-10-25,169.1179962158203,171.05528327402416,168.6731969171006,169.88895954662036,57157000
2023-10-26,164.9567413330078,169.3947344867521,163.75087263790635,168.39642470029793,70625300
2023-10-27,166.27134704589844,167.00278034322866,164.8974493569631,164.9765244498122,58499100
2023-10-30,168.31736755371094,169.18717852998205,166.91381853056686,167.06208999172168,51131000
2023-10-31,168.7918243408203,168.92030818010912,165.9550598323106,167.38827526603964,44846000
2023-11-01,171.9547576904297,172.2117404582064,168.14934950515965,169.01916053768616,56934900
2023-11-02,175.5130615234375,175.7206204672586,173.42750286114074,173.4868054165182,77334800
2023-11-03,174.60372924804688,174.77177328727882,171.34196760053152,172.2216574835222,79829200
2023-11-06,177.15380859375,177.35148879200258,174.16880291146146,174.33683183407777,63841300
2023-11-07,179.7138214111328,180.32663456302825,176.89682951103612,177.1043884447924,70530000
2023-11-08,180.77145385742188,181.32496456419332,179.4865096698249,180.23771569933095,49340300
2023-11-09,180.29698181152344,181.9871648721256,179.7039261272927,180.84061367506283,53763500
2023-11-10,184.4834899902344,184.65175539538808,181.6430032262288,182.07848170612576,66133400
2023-11-13,182.89996337890625,184.11731278262943,182.3160331472403,183.9094803756521,43627500
2023-11-14,185.5127716064453,186.17588095169376,184.3844935246658,185.77009288758788,60108400
2023-11-15,186.07693481445312,187.55162053928348,185.84930383072196,185.9185913616288,53790500
2023-11-16,187.7594757080078,188.9966236513369,186.7103615664657,187.6209157424311,54412900
2023-11-17,187.7396545410156,188.42256253993392,186.63117494967105,188.2938943366879,50922700
2023-11-20,189.48155212402344,189.9368291546864,187.9277023558229,187.9375941014389,46505100
2023-11-21,188.67990112304688,189.55085808280583,187.78916067013205,189.441988462836,38134500
2023-11-22,189.343017578125,190.9463564933125,188.8679569924961,189.52117473642568,39617700
2023-11-24,188.01678466796875,188.93721542830764,187.3041862913633,188.9075250877743,24048300
2023-11-27,187.8386383056641,188.70959528304604,186.957789581504,187.9673065232965,40552600
2023-11-28,188.44232177734372,189.11533794396772,187.45260366905535,187.8287013828129,38415400
2023-11-29,187.42295837402344,190.11499348364924,187.02707707633283,188.93722623545,43014200
2023-11-30,187.9969940185547,188.36320007044645,186.2550951920731,187.88812439803064,48794400
2023-12-01,189.2737274169922,189.5904294104457,187.2843840288066,188.37308016671423,45704800
2023-12-04,187.48236083984372,188.09599655502976,185.52272251537215,188.0267090138373,43389500
2023-12-05,191.4313201904297,192.40123993854132,188.22462732075607,188.25433276481263,66628400
2023-12-06,190.34263610839844,192.7575361433548,190.1347886146608,192.45072587794945,41089700
2023-12-07,192.2725830078125,192.99507315570867,191.5995666945876,191.63916388460837,47477700
2023-12-08,193.6977996826172,193.97491963358075,191.678765637706,192.203315195023,53406400
2023-12-11,191.1937561035156,191.50058143348204,189.45185749474888,191.1244836819693,60943700
2023-12-12,192.7080535888672,192.71794533501543,189.748790485074,191.09480795445688,52696900
2023-12-13,195.92462158203125,195.96420366520783,192.84659737493095,193.0841200777932,70404200
2023-12-14,196.07308959960935,197.56755876987648,194.14314196862804,195.9840185786185,66831600
2023-12-15,195.5386505126953,196.36010340669733,194.97450383643803,195.4990533238864,128538400
2023-12-18,193.8759307861328,194.6083278162061,192.39135323196817,194.07387143964067,55751900
2023-12-19,194.9151153564453,194.92500710230044,193.87590816937887,194.14313632648785,40714100
2023-12-20,192.8268280029297,195.6475162401682,192.8268280029297,194.87553713507947,52242800
2023-12-21,192.67837524414065,195.0537085192927,191.5105147545003,194.08378869377225,46482500
2023-12-22,191.6094665527344,193.40085423729087,190.98593919883143,193.17320815773428,37149600
2023-12-26,191.0651397705078,191.8964996004414,190.84740051477695,191.6193796571302,28919300
2023-12-27,191.16407775878903,191.5104851939577,189.1252605394368,190.5108751782089,48087700
2023-12-28,191.5896759033203,192.65857351066376,191.18388776405132,192.1439157511496,34049900
2023-12-29,190.55047607421875,192.4012445887141,189.75869835988956,191.90638540499623,42672100
